<?xml version="1.0" encoding="UTF-8"?>
<model package="filelister" baseClass="xPDOObject" platform="sqlsrv" defaultEngine="MyISAM">
    <object class="feoDownload" table="filelister_downloads" extends="xPDOSimpleObject">
        <field key="path" dbtype="nvarchar" precision="max" phptype="string" null="false" default="" index="index" />
        <field key="ip" dbtype="nvarchar" precision="25" phptype="string" null="false" default="0.0.0.0" />
        <field key="downloadedon" dbtype="datetime" phptype="datetime" null="false" />
        <field key="unique" dbtype="bit" phptype="boolean" null="false" default="0" index="index" />
        <field key="referer" dbtype="nvarchar" precision="255" phptype="string" null="false" default="" />
        <field key="country" dbtype="nvarchar" precision="255" phptype="string" null="false" default="" />
        <field key="region" dbtype="nvarchar" precision="255" phptype="string" null="false" default="" />
        <field key="city" dbtype="nvarchar" precision="255" phptype="string" null="false" default="" />
        <field key="zip" dbtype="nvarchar" precision="30" phptype="string" null="false" default="" />
        <field key="geolocation" dbtype="text" phptype="json" null="false" default="{}" />
        <field key="user" dbtype="int" precision="10" phptype="integer" null="false" default="0" index="index" />

        <index alias="path" name="path" primary="false" unique="true" type="BTREE">
            <column key="path" length="" collation="A" null="false" />
        </index>
        <index alias="unique" name="unique" primary="false" unique="true" type="BTREE">
            <column key="unique" length="" collation="A" null="false" />
        </index>
        <index alias="user" name="user" primary="false" unique="true" type="BTREE">
            <column key="user" length="" collation="A" null="false" />
        </index>
        
        <aggregate alias="User" class="modUser" local="user" foreign="id" cardinality="one" owner="foreign" />
    </object>
</model>